rank,prev_rank,name,league,off,def,spi
1,1,Manchester City,Barclays Premier League,2.92,0.31,92.31
2,3,Bayern Munich,German Bundesliga,3.23,0.49,91.75
3,2,Liverpool,Barclays Premier League,2.73,0.34,90.51
4,5,Paris Saint-Germain,French Ligue 1,2.86,0.52,88.66
5,6,Real Madrid,Spanish Primera Division,2.69,0.58,86.19
6,4,Chelsea,Barclays Premier League,2.38,0.44,85.73
7,7,Ajax,Dutch Eredivisie,2.89,0.77,84.83
8,8,Barcelona,Spanish Primera Division,2.41,0.51,84.44
9,10,Internazionale,Italy Serie A,2.5,0.68,82.17
10,9,Tottenham Hotspur,Barclays Premier League,2.35,0.61,81.87
11,13,FC Salzburg,Austrian T-Mobile Bundesliga,2.46,0.71,81.24
12,11,RB Leipzig,German Bundesliga,2.37,0.67,80.76
13,15,Atletico Madrid,Spanish Primera Division,2.12,0.52,80.68
14,14,Borussia Dortmund,German Bundesliga,2.49,0.75,80.58
15,12,FC Porto,Portuguese Liga,2.29,0.67,79.71
16,20,Sporting CP,Portuguese Liga,2.21,0.65,79.07
17,16,Arsenal,Barclays Premier League,2.16,0.64,78.53
18,19,AC Milan,Italy Serie A,2.12,0.63,78.31
19,21,Bayer Leverkusen,German Bundesliga,2.29,0.76,77.75
20,17,Villarreal,Spanish Primera Division,2.16,0.7,77.14
21,22,Napoli,Italy Serie A,2.14,0.77,75.26
22,32,Manchester United,Barclays Premier League,2.09,0.74,75.25
23,23,Real Sociedad,Spanish Primera Division,1.93,0.65,74.77
24,29,Benfica,Portuguese Liga,2.15,0.81,74.69
25,26,Aston Villa,Barclays Premier League,1.98,0.72,74.05
26,18,Brighton and Hove Albion,Barclays Premier League,1.92,0.69,73.74
27,30,Feyenoord,Dutch Eredivisie,2.23,0.92,73.51
28,49,PSV,Dutch Eredivisie,2.34,1.0,73.46
29,24,Atalanta,Italy Serie A,2.13,0.87,73.01
30,28,AS Roma,Italy Serie A,1.91,0.72,72.87
31,38,AS Monaco,French Ligue 1,2.07,0.83,72.81
32,27,Athletic Bilbao,Spanish Primera Division,1.84,0.7,72.08
33,43,Lyon,French Ligue 1,2.17,0.94,72.03
34,36,Sevilla FC,Spanish Primera Division,1.79,0.69,71.45
35,50,Zenit St Petersburg,Russian Premier Liga,2.03,0.87,71.4
36,25,Crystal Palace,Barclays Premier League,1.8,0.7,71.36
37,47,Leicester City,Barclays Premier League,1.97,0.83,71.24
38,53,Rangers,Scottish Premiership,2.07,0.92,70.92
39,34,Real Betis,Spanish Primera Division,1.86,0.76,70.75
40,37,West Ham United,Barclays Premier League,1.92,0.82,70.62
41,44,Stade Rennes,French Ligue 1,1.99,0.88,70.49
42,31,1. FC Union Berlin,German Bundesliga,1.87,0.81,69.98
43,61,Juventus,Italy Serie A,1.95,0.87,69.94
44,35,Lazio,Italy Serie A,2.06,0.96,69.72
45,40,Celtic,Scottish Premiership,2.1,1.0,69.58
46,69,Club Brugge,Belgian Jupiler League,2.07,0.98,69.51
47,54,Marseille,French Ligue 1,1.83,0.8,69.46
48,46,Borussia Monchengladbach,German Bundesliga,2.12,1.02,69.38
49,33,Celta Vigo,Spanish Primera Division,1.77,0.77,69.06
50,39,Mainz,German Bundesliga,1.92,0.89,68.88
51,56,Lille,French Ligue 1,1.76,0.77,68.72
52,45,Newcastle,Barclays Premier League,1.79,0.8,68.65
53,41,Brentford,Barclays Premier League,1.87,0.86,68.58
54,60,Eintracht Frankfurt,German Bundesliga,1.88,0.87,68.47
55,57,VfL Wolfsburg,German Bundesliga,1.91,0.91,68.18
56,58,Valencia,Spanish Primera Division,1.74,0.79,68.04
57,52,SC Freiburg,German Bundesliga,2.0,0.99,67.94
58,55,Wolverhampton,Barclays Premier League,1.77,0.82,67.72
59,42,Fiorentina,Italy Serie A,1.84,0.88,67.61
60,48,Strasbourg,French Ligue 1,1.78,0.84,67.46
61,51,FC Cologne,German Bundesliga,1.89,0.95,66.95
62,63,TSG Hoffenheim,German Bundesliga,2.03,1.07,66.77
63,85,Flamengo,Brasileiro Série A,1.71,0.83,66.23
64,89,Fenerbahce,Turkish Turkcell Super Lig,1.93,1.03,65.7
65,59,Getafe,Spanish Primera Division,1.55,0.73,65.51
66,79,Palmeiras,Brasileiro Série A,1.69,0.85,65.38
67,65,Lens,French Ligue 1,1.74,0.9,65.19
68,70,VfB Stuttgart,German Bundesliga,1.87,1.01,65.13
69,73,Slavia Prague,UEFA Europa Conference League,1.9,1.06,64.66
70,81,Nice,French Ligue 1,1.7,0.89,64.57
71,78,Everton,Barclays Premier League,1.76,0.97,63.82
72,66,Osasuna,Spanish Primera Division,1.63,0.87,63.69
73,83,Monterrey,Mexican Primera Division Torneo Apertura,1.78,0.99,63.68
74,64,Rayo Vallecano,Spanish Primera Division,1.65,0.89,63.56
75,72,Dinamo Zagreb,UEFA Europa League,1.79,1.02,63.44
76,93,River Plate,Argentina Primera Division,1.74,0.99,62.83
77,62,Torino,Italy Serie A,1.64,0.91,62.83
78,67,Cadiz,Spanish Primera Division,1.65,0.93,62.62
79,82,Leeds United,Barclays Premier League,1.77,1.05,62.15
80,80,AZ,Dutch Eredivisie,1.84,1.13,61.8
81,71,FC Twente,Dutch Eredivisie,1.72,1.03,61.69
82,87,Tigres UANL,Mexican Primera Division Torneo Apertura,1.76,1.06,61.59
83,101,Atletico Mineiro,Brasileiro Série A,1.57,0.9,61.57
84,68,Verona,Italy Serie A,1.74,1.05,61.45
85,88,Southampton,Barclays Premier League,1.76,1.07,61.33
86,90,FC Augsburg,German Bundesliga,1.73,1.07,60.93
87,117,Young Boys,Swiss Raiffeisen Super League,2.05,1.35,60.88
88,84,VfL Bochum,German Bundesliga,1.71,1.06,60.73
89,86,Braga,Portuguese Liga,1.59,0.96,60.7
90,181,Schalke 04,German Bundesliga,1.64,1.0,60.66
91,102,Genk,Belgian Jupiler League,1.83,1.17,60.47
92,77,Shakhtar Donetsk,UEFA Champions League,1.88,1.22,60.47
93,196,Norwich City,English League Championship,1.72,1.08,60.43
94,247,Almeria,Spanish Primera Division,1.63,1.0,60.41
95,94,Sassuolo,Italy Serie A,1.92,1.26,60.3
96,97,Club América,Mexican Primera Division Torneo Apertura,1.59,0.98,60.15
97,103,FC Copenhagen,Danish SAS-Ligaen,1.69,1.07,60.06
98,186,Werder Bremen,German Bundesliga,1.62,1.01,59.82
99,267,Real Valladolid,Spanish Primera Division,1.61,1.01,59.8
100,99,Espanyol,Spanish Primera Division,1.59,0.99,59.72
101,105,Hertha Berlin,German Bundesliga,1.65,1.05,59.7
102,100,Nantes,French Ligue 1,1.64,1.04,59.64
103,91,Elche,Spanish Primera Division,1.59,1.0,59.59
104,98,Anderlecht,Belgian Jupiler League,1.74,1.14,59.55
105,96,Olympiacos,Greek Super League,1.59,1.01,59.44
106,115,São Paulo,Brasileiro Série A,1.45,0.89,59.02
107,129,Watford,English League Championship,1.68,1.11,58.84
108,75,Fulham,Barclays Premier League,1.57,1.02,58.7
109,124,Fluminense,Brasileiro Série A,1.49,0.94,58.7
110,274,Girona FC,Spanish Primera Division,1.57,1.04,58.35
111,127,Trabzonspor,Turkish Turkcell Super Lig,1.7,1.15,58.33
112,121,Internacional,Brasileiro Série A,1.59,1.06,58.2
113,95,Udinese,Italy Serie A,1.69,1.16,57.94
114,107,AFC Bournemouth,Barclays Premier League,1.55,1.03,57.92
115,116,Reims,French Ligue 1,1.5,0.99,57.78
116,120,Red Star Belgrade,UEFA Europa League,1.71,1.19,57.71
117,104,FC Utrecht,Dutch Eredivisie,1.75,1.23,57.6
118,109,Mallorca,Spanish Primera Division,1.58,1.08,57.58
119,133,New York City FC,Major League Soccer,1.8,1.29,57.36
120,143,Bragantino,Brasileiro Série A,1.55,1.05,57.35
121,119,Nottingham Forest,Barclays Premier League,1.53,1.04,57.31
122,114,Pachuca,Mexican Primera Division Torneo Apertura,1.61,1.12,57.12
123,128,Sheffield United,English League Championship,1.55,1.09,56.63
124,110,Bologna,Italy Serie A,1.59,1.14,56.11
125,112,FC Midtjylland,Danish SAS-Ligaen,1.74,1.29,56.02
126,131,Angers,French Ligue 1,1.47,1.05,55.79
127,130,Sparta Prague,UEFA Europa League,1.62,1.19,55.67
128,92,KAA Gent,Belgian Jupiler League,1.52,1.1,55.61
129,108,Dynamo Kiev,UEFA Champions League,1.59,1.17,55.39
130,137,Ferencvaros,UEFA Europa League,1.64,1.23,55.23
131,138,Bodo/Glimt,Norwegian Tippeligaen,1.78,1.37,55.09
132,111,Guimaraes,Portuguese Liga,1.5,1.1,55.08
133,123,Yokohama F. Marinos,Japanese J League,1.84,1.43,55.03
134,139,Troyes,French Ligue 1,1.45,1.07,54.68
135,132,Vitesse,Dutch Eredivisie,1.58,1.21,54.4
136,146,Brest,French Ligue 1,1.56,1.19,54.35
137,162,West Bromwich Albion,English League Championship,1.43,1.07,54.27
138,134,Cruz Azul,Mexican Primera Division Torneo Apertura,1.49,1.14,54.08
139,157,Corinthians,Brasileiro Série A,1.25,0.91,53.96
140,155,Los Angeles FC,Major League Soccer,1.72,1.37,53.81
141,147,Santos,Brasileiro Série A,1.33,0.99,53.8
142,151,Lorient,French Ligue 1,1.45,1.12,53.6
143,166,Atlético Paranaense,Brasileiro Série A,1.39,1.06,53.6
144,76,Burnley,English League Championship,1.52,1.2,53.2
145,74,Levante,Spanish Segunda Division,1.55,1.24,52.99
146,172,Montpellier,French Ligue 1,1.51,1.2,52.99
147,126,Sampdoria,Italy Serie A,1.51,1.2,52.95
148,149,Clermont Foot,French Ligue 1,1.46,1.15,52.92
149,204,Monza,Italy Serie A,1.47,1.16,52.84
150,187,FC Sheriff Tiraspol,UEFA Europa League,1.6,1.29,52.76
151,135,Toulouse,French Ligue 1,1.47,1.17,52.71
152,136,CSKA Moscow,Russian Premier Liga,1.42,1.12,52.57
153,122,Boca Juniors,Argentina Primera Division,1.41,1.13,52.39
154,106,Sochi,Russian Premier Liga,1.47,1.21,51.96
155,185,St Etienne,French Ligue 2,1.53,1.27,51.96
156,176,Ceará,Brasileiro Série A,1.28,1.02,51.95
157,140,Famalicao,Portuguese Liga,1.47,1.2,51.94
158,150,Molde,Norwegian Tippeligaen,1.71,1.44,51.88
159,145,Santos Laguna,Mexican Primera Division Torneo Apertura,1.56,1.29,51.86
160,289,Auxerre,French Ligue 1,1.44,1.19,51.71
161,164,FK Partizan Belgrade,UEFA Europa Conference League,1.45,1.2,51.71
162,163,Philadelphia Union,Major League Soccer,1.51,1.26,51.68
163,390,AC Ajaccio,French Ligue 1,1.44,1.19,51.39
164,148,Spartak Moscow,Russian Premier Liga,1.47,1.23,51.39
165,188,Besiktas,Turkish Turkcell Super Lig,1.54,1.3,51.2
166,208,Galatasaray,Turkish Turkcell Super Lig,1.52,1.28,51.18
167,141,Gil Vicente,Portuguese Liga,1.42,1.19,51.16
168,158,Atlas,Mexican Primera Division Torneo Apertura,1.43,1.2,51.13
169,165,Maccabi Tel-Aviv,UEFA Europa Conference League,1.32,1.09,51.09
170,118,Union Saint Gilloise,Belgian Jupiler League,1.41,1.19,50.79
171,142,FC Krasnodar,Russian Premier Liga,1.42,1.21,50.7
172,168,Guadalajara,Mexican Primera Division Torneo Apertura,1.3,1.09,50.59
173,282,Lecce,Italy Serie A,1.4,1.2,50.41
174,183,Dinamo Moscow,Russian Premier Liga,1.52,1.32,50.4
175,190,Fortaleza,Brasileiro Série A,1.21,1.02,50.03
176,167,Empoli,Italy Serie A,1.55,1.38,49.65
177,365,Cremonese,Italy Serie A,1.37,1.22,49.25
178,169,PAOK Salonika,Greek Super League,1.23,1.08,49.16
179,178,Kawasaki Frontale,Japanese J League,1.5,1.36,49.1
180,156,SK Sturm Graz,Austrian T-Mobile Bundesliga,1.58,1.44,49.09
181,170,Panathinaikos,Greek Super League,1.12,0.97,48.85
182,182,Hamburg SV,German 2. Bundesliga,1.6,1.49,48.66
183,194,Heerenveen,Dutch Eredivisie,1.47,1.35,48.64
184,160,FC Zurich,Swiss Raiffeisen Super League,1.62,1.51,48.5
185,171,Legia Warsaw,UEFA Europa League,1.4,1.29,48.33
186,152,Basel,Swiss Raiffeisen Super League,1.5,1.4,48.21
187,180,Spezia,Italy Serie A,1.45,1.35,48.17
188,173,Santa Clara,Portuguese Liga,1.31,1.2,48.16
189,154,Istanbul Basaksehir,Turkish Turkcell Super Lig,1.33,1.24,47.92
190,174,Rapid Vienna,Austrian T-Mobile Bundesliga,1.41,1.34,47.46
191,313,Parma,Italy Serie B,1.36,1.29,47.38
192,192,León,Mexican Primera Division Torneo Apertura,1.4,1.34,47.27
193,200,Velez Sarsfield,Argentina Primera Division,1.24,1.17,47.21
194,199,Middlesbrough,English League Championship,1.3,1.23,47.19
195,236,FC Groningen,Dutch Eredivisie,1.42,1.37,47.01
196,219,NEC,Dutch Eredivisie,1.43,1.38,46.94
197,193,Lokomotiv Moscow,Russian Premier Liga,1.36,1.31,46.94
198,195,Salernitana,Italy Serie A,1.42,1.38,46.63
199,197,Antwerp,Belgian Jupiler League,1.32,1.28,46.63
200,202,Urawa Red Diamonds,Japanese J League,1.22,1.18,46.61
201,213,Boavista,Portuguese Liga,1.28,1.25,46.28
202,161,Coventry City,English League Championship,1.38,1.36,46.21
203,220,New York Red Bulls,Major League Soccer,1.29,1.27,46.03
204,153,Cagliari,Italy Serie B,1.38,1.38,45.99
205,229,América Mineiro,Brasileiro Série A,1.17,1.15,45.72
206,191,LASK Linz,Austrian T-Mobile Bundesliga,1.42,1.43,45.58
207,233,Los Angeles Galaxy,Major League Soccer,1.52,1.55,45.39
208,215,Puebla,Mexican Primera Division Torneo Apertura,1.32,1.34,45.34
209,201,Silkeborg,Danish SAS-Ligaen,1.46,1.5,45.21
210,225,Portimonense,Portuguese Liga,1.22,1.23,45.17
211,278,Metz,French Ligue 2,1.35,1.37,45.16
212,223,Atlético Goianiense,Brasileiro Série A,1.18,1.2,45.12
213,179,Kasimpasa,Turkish Turkcell Super Lig,1.57,1.62,45.09
214,113,Granada,Spanish Segunda Division,1.33,1.36,45.01
215,228,Vizela,Portuguese Liga,1.31,1.34,44.97
216,230,Maritimo,Portuguese Liga,1.23,1.26,44.82
217,255,New England Revolution,Major League Soccer,1.54,1.6,44.76
218,,Rio Ave,Portuguese Liga,1.31,1.35,44.75
219,214,Stoke City,English League Championship,1.21,1.24,44.73
220,273,Cuiaba,Brasileiro Série A,1.06,1.07,44.72
221,,FC Volendam,Dutch Eredivisie,1.31,1.35,44.7
222,226,Rosenborg,Norwegian Tippeligaen,1.5,1.56,44.68
223,,Emmen,Dutch Eredivisie,1.31,1.35,44.68
224,205,Preston North End,English League Championship,1.27,1.31,44.67
225,216,AEK Athens,Greek Super League,1.32,1.37,44.55
226,184,FK Austria Vienna,Austrian T-Mobile Bundesliga,1.31,1.37,44.45
227,198,Sporting de Charleroi,Belgian Jupiler League,1.42,1.48,44.45
228,,Excelsior,Dutch Eredivisie,1.3,1.36,44.42
229,221,Konyaspor,Turkish Turkcell Super Lig,1.42,1.49,44.36
230,224,Kashima Antlers,Japanese J League,1.39,1.46,44.34
231,,Chaves,Portuguese Liga,1.3,1.36,44.28
232,253,Austin FC,Major League Soccer,1.47,1.55,44.24
233,251,Djurgardens IF,Swedish Allsvenskan,1.39,1.46,44.23
234,250,Brondby,Danish SAS-Ligaen,1.27,1.34,44.07
235,248,Estoril Praia,Portuguese Liga,1.22,1.29,43.95
236,290,Sparta,Dutch Eredivisie,1.28,1.36,43.89
237,284,RKC,Dutch Eredivisie,1.36,1.45,43.78
238,246,FC Arouca,Portuguese Liga,1.19,1.27,43.74
239,239,Blackburn,English League Championship,1.18,1.26,43.63
240,276,Colorado Rapids,Major League Soccer,1.34,1.44,43.6
241,231,Rostov,Russian Premier Liga,1.33,1.43,43.58
242,245,Argentinos Juniors,Argentina Primera Division,1.12,1.19,43.44
243,209,Antalyaspor,Turkish Turkcell Super Lig,1.31,1.42,43.38
244,210,Alanyaspor,Turkish Turkcell Super Lig,1.43,1.56,43.29
245,260,Pacos Ferreira,Portuguese Liga,1.16,1.26,43.23
246,285,Columbus Crew,Major League Soccer,1.32,1.43,43.17
247,288,Atlanta United FC,Major League Soccer,1.4,1.53,43.16
248,177,Defensa y Justicia,Argentina Primera Division,1.19,1.29,43.13
249,218,Millwall,English League Championship,1.22,1.33,43.12
250,189,St Gallen,Swiss Raiffeisen Super League,1.5,1.64,43.12
251,238,Aris Salonika,Greek Super League,1.01,1.09,42.99
252,277,Botafogo,Brasileiro Série A,1.13,1.23,42.97
253,300,Go Ahead Eagles,Dutch Eredivisie,1.3,1.42,42.96
254,271,Nashville SC,Major League Soccer,1.29,1.41,42.87
255,279,Portland Timbers,Major League Soccer,1.51,1.67,42.77
256,211,FK Qarabag,UEFA Europa Conference League,1.33,1.47,42.68
257,266,Lillestrom,Norwegian Tippeligaen,1.36,1.51,42.54
258,249,Pumas Unam,Mexican Primera Division Torneo Apertura,1.2,1.33,42.54
259,144,Genoa,Italy Serie B,1.29,1.43,42.51
260,175,Arminia Bielefeld,German 2. Bundesliga,1.37,1.52,42.49
261,258,Cerezo Osaka,Japanese J League,1.3,1.45,42.42
262,240,Estudiantes,Argentina Primera Division,1.22,1.36,42.39
263,263,Hammarby,Swedish Allsvenskan,1.42,1.58,42.33
264,212,Krylia Sovetov,Russian Premier Liga,1.26,1.41,42.32
265,227,Luton Town,English League Championship,1.16,1.3,42.16
266,232,CSKA Sofia,UEFA Europa Conference League,1.08,1.21,42.15
267,244,Wolfsberger AC,Austrian T-Mobile Bundesliga,1.39,1.56,42.12
268,304,Minnesota United FC,Major League Soccer,1.38,1.56,42.0
269,207,Anorthosis Famagusta,UEFA Europa Conference League,1.19,1.35,41.98
270,338,Racing Club,Argentina Primera Division,1.14,1.28,41.91
271,287,Coritiba,Brasileiro Série A,1.26,1.42,41.91
272,292,Seattle Sounders FC,Major League Soccer,1.28,1.45,41.89
273,306,Montreal Impact,Major League Soccer,1.35,1.53,41.86
274,206,St. Truidense,Belgian Jupiler League,1.18,1.34,41.83
275,,Casa Pia,Portuguese Liga,1.19,1.36,41.78
276,296,FC Dallas,Major League Soccer,1.35,1.53,41.75
277,309,Derby County,English League One,1.37,1.56,41.67
278,281,Queens Park Rangers,English League Championship,1.2,1.37,41.63
279,222,Terek Grozny,Russian Premier Liga,1.11,1.27,41.59
280,259,Adana Demirspor,Turkish Turkcell Super Lig,1.28,1.47,41.56
281,235,Huddersfield Town,English League Championship,1.13,1.29,41.55
282,272,Viking FK,Norwegian Tippeligaen,1.44,1.65,41.53
283,265,Talleres de Córdoba,Argentina Primera Division,1.14,1.31,41.45
284,243,CFR 1907 Cluj,UEFA Europa Conference League,1.23,1.41,41.43
285,237,Cercle Brugge,Belgian Jupiler League,1.27,1.47,41.24
286,262,F.B.C Unione Venezia,Italy Serie B,1.25,1.45,41.15
287,256,Hearts,Scottish Premiership,1.25,1.46,41.13
288,326,Real Salt Lake,Major League Soccer,1.24,1.44,41.08
289,268,Atlético San Luis,Mexican Primera Division Torneo Apertura,1.22,1.42,41.03
290,346,Cambuur Leeuwarden,Dutch Eredivisie,1.41,1.65,40.8
291,354,Fortuna Sittard,Dutch Eredivisie,1.34,1.58,40.63
292,286,Necaxa,Mexican Primera Division Torneo Apertura,1.14,1.35,40.55
293,270,Cardiff City,English League Championship,1.1,1.31,40.43
294,125,Alavés,Spanish Segunda Division,1.21,1.44,40.33
295,336,Avaí,Brasileiro Série A,1.16,1.38,40.21
296,320,Swansea City,English League Championship,1.26,1.5,40.2
297,269,Union Santa Fe,Argentina Primera Division,1.08,1.3,39.98
298,261,Sivasspor,Turkish Turkcell Super Lig,1.24,1.49,39.98
299,315,Goiás,Brasileiro Série A,1.16,1.4,39.95
300,264,Ludogorets,UEFA Europa League,1.25,1.51,39.87
301,297,Malmo FF,Swedish Allsvenskan,1.17,1.42,39.83
302,275,Lanus,Argentina Primera Division,1.22,1.49,39.77
303,301,Bristol City,English League Championship,1.26,1.54,39.73
304,356,Godoy Cruz,Argentina Primera Division,1.12,1.37,39.6
305,242,Blackpool,English League Championship,1.15,1.42,39.41
306,293,Benevento,Italy Serie B,1.16,1.43,39.39
307,291,Slovan Bratislava,UEFA Europa Conference League,1.13,1.4,39.27
308,312,Paris FC,French Ligue 2,1.13,1.41,39.18
309,339,Sochaux,French Ligue 2,1.08,1.34,39.12
310,398,Sheffield Wednesday,English League One,1.28,1.58,39.09
311,299,Sanfrecce Hiroshima,Japanese J League,1.11,1.38,39.08
312,317,Juventude,Brasileiro Série A,1.06,1.32,39.07
313,295,Huracán,Argentina Primera Division,0.99,1.24,38.96
314,303,KV Mechelen,Belgian Jupiler League,1.36,1.69,38.91
315,254,Omonia Nicosia,UEFA Europa Conference League,1.24,1.55,38.79
316,371,Eibar,Spanish Segunda Division,1.09,1.38,38.7
317,345,Chicago Fire,Major League Soccer,1.21,1.52,38.65
318,321,Randers FC,Danish SAS-Ligaen,1.15,1.46,38.42
319,380,FC Nordsjaelland,Danish SAS-Ligaen,1.2,1.53,38.4
320,283,CA Independiente,Argentina Primera Division,1.01,1.3,38.29
321,419,Mamelodi Sundowns,South African ABSA Premier League,1.16,1.49,38.11
322,337,Orlando City SC,Major League Soccer,1.22,1.57,38.1
323,322,Vissel Kobe,Japanese J League,1.11,1.43,38.05
324,294,Banfield,Argentina Primera Division,1.04,1.35,38.01
325,307,FC Khimki,Russian Premier Liga,1.11,1.44,37.94
326,302,AaB,Danish SAS-Ligaen,1.26,1.62,37.92
327,314,Brescia,Italy Serie B,1.1,1.43,37.91
328,328,Hartberg,Austrian T-Mobile Bundesliga,1.22,1.57,37.89
329,324,Mazatlán FC,Mexican Primera Division Torneo Apertura,1.11,1.45,37.72
330,355,Caen,French Ligue 2,1.14,1.48,37.67
331,332,WSG Swarovski Wattens,Austrian T-Mobile Bundesliga,1.33,1.71,37.64
332,404,Real Zaragoza,Spanish Segunda Division,1.07,1.4,37.58
333,329,Birmingham,English League Championship,1.15,1.5,37.58
334,217,SV Darmstadt 98,German 2. Bundesliga,1.31,1.7,37.51
335,372,Real Oviedo,Spanish Segunda Division,1.05,1.39,37.46
336,327,Toluca,Mexican Primera Division Torneo Apertura,1.25,1.63,37.46
337,367,Dijon FCO,French Ligue 2,1.2,1.57,37.44
338,323,Fatih Karagümrük,Turkish Turkcell Super Lig,1.13,1.48,37.41
339,384,Standard Liege,Belgian Jupiler League,1.14,1.5,37.41
340,420,Sunderland,English League Championship,1.14,1.5,37.28
341,330,Tijuana,Mexican Primera Division Torneo Apertura,1.1,1.47,37.2
342,349,BK Hacken,Swedish Allsvenskan,1.42,1.85,37.14
343,325,Guingamp,French Ligue 2,1.16,1.54,37.13
344,352,San Jose Earthquakes,Major League Soccer,1.38,1.82,36.99
345,342,Livingston,Scottish Premiership,1.09,1.46,36.98
346,411,SD Huesca,Spanish Segunda Division,1.06,1.42,36.92
347,362,Hull City,English League Championship,1.04,1.4,36.9
348,366,Las Palmas,Spanish Segunda Division,1.04,1.4,36.83
349,343,Gazisehir Gaziantep,Turkish Turkcell Super Lig,1.16,1.56,36.79
350,280,Ural Sverdlovsk Oblast,Russian Premier Liga,0.97,1.32,36.76
351,358,Gimnasia La Plata,Argentina Primera Division,0.96,1.31,36.67
352,361,Kayserispor,Turkish Turkcell Super Lig,1.22,1.64,36.63
353,350,Hatayspor,Turkish Turkcell Super Lig,1.24,1.67,36.61
354,370,Hibernian,Scottish Premiership,1.02,1.39,36.55
355,298,IF Elfsborg,Swedish Allsvenskan,1.31,1.75,36.53
356,344,Flora,UEFA Europa Conference League,1.33,1.78,36.51
357,,Tigre,Argentina Primera Division,1.08,1.48,36.45
358,368,SK Austria Klagenfurt,Austrian T-Mobile Bundesliga,1.2,1.62,36.45
359,159,SpVgg Greuther Fürth,German 2. Bundesliga,1.21,1.64,36.34
360,351,Newell's Old Boys,Argentina Primera Division,0.96,1.33,36.33
361,311,Fortuna Düsseldorf,German 2. Bundesliga,1.11,1.52,36.28
362,403,Amiens,French Ligue 2,0.99,1.38,36.15
363,348,FC St. Pauli,German 2. Bundesliga,1.26,1.71,36.1
364,347,KV Kortrijk,Belgian Jupiler League,1.16,1.59,36.03
365,353,FC Juárez,Mexican Primera Division Torneo Apertura,0.96,1.35,36.03
366,335,Frosinone,Italy Serie B,1.16,1.59,35.99
367,305,FC Luzern,Swiss Raiffeisen Super League,1.26,1.72,35.98
368,388,Reading,English League Championship,1.14,1.58,35.89
369,,KVC Westerlo,Belgian Jupiler League,1.12,1.55,35.84
370,383,FC Cincinnati,Major League Soccer,1.32,1.81,35.77
371,382,Aberdeen,Scottish Premiership,1.02,1.44,35.75
372,414,Leganes,Spanish Segunda Division,1.03,1.44,35.73
373,387,Dundee Utd,Scottish Premiership,1.02,1.44,35.47
374,422,Inter Miami CF,Major League Soccer,1.18,1.65,35.42
375,357,Viborg,Danish SAS-Ligaen,1.11,1.57,35.38
376,392,Colon Santa Fe,Argentina Primera Division,0.97,1.39,35.34
377,484,Sporting Gijón,Spanish Segunda Division,0.98,1.4,35.32
378,376,Charlotte FC,Major League Soccer,1.09,1.54,35.29
379,410,Pisa,Italy Serie B,1.02,1.45,35.27
380,386,Sagan Tosu,Japanese J League,1.06,1.51,35.15
381,334,Kairat Almaty,UEFA Europa Conference League,1.12,1.6,34.87
382,374,San Lorenzo,Argentina Primera Division,0.99,1.43,34.86
383,318,FC Zorya Luhansk,UEFA Europa Conference League,1.03,1.49,34.83
384,385,Sporting Kansas City,Major League Soccer,1.06,1.53,34.77
385,415,Vancouver Whitecaps,Major League Soccer,1.13,1.63,34.61
386,401,Platense,Argentina Primera Division,0.97,1.42,34.55
387,331,SC Paderborn,German 2. Bundesliga,1.16,1.68,34.49
388,360,Querétaro,Mexican Primera Division Torneo Apertura,1.0,1.47,34.49
389,369,Sarpsborg,Norwegian Tippeligaen,1.29,1.85,34.45
390,405,Valerenga,Norwegian Tippeligaen,1.09,1.59,34.42
391,333,Rosario Central,Argentina Primera Division,1.05,1.54,34.33
392,393,Stromsgodset,Norwegian Tippeligaen,1.2,1.73,34.32
393,375,Ionikos FC,Greek Super League,1.07,1.57,34.12
394,363,Ascoli,Italy Serie B,0.96,1.44,34.09
395,427,SV Ried,Austrian T-Mobile Bundesliga,1.11,1.63,34.04
396,407,NS Mura,UEFA Europa Conference League,1.11,1.64,33.99
397,340,OH Leuven,Belgian Jupiler League,1.19,1.74,33.92
398,400,Jablonec,UEFA Europa Conference League,1.1,1.63,33.87
399,377,AIK,Swedish Allsvenskan,1.02,1.53,33.84
400,454,Wigan,English League Championship,1.04,1.56,33.83
401,424,Ross County,Scottish Premiership,1.1,1.63,33.83
402,402,Kashiwa Reysol,Japanese J League,0.99,1.49,33.8
403,441,Nimes,French Ligue 2,1.07,1.59,33.79
404,433,Houston Dynamo,Major League Soccer,1.19,1.75,33.78
405,,Kilmarnock,Scottish Premiership,1.07,1.6,33.76
406,396,Tenerife,Spanish Segunda Division,0.91,1.4,33.67
407,399,FK Nizhny Novgorod,Russian Premier Liga,0.89,1.36,33.66
408,381,FC Cartagena,Spanish Segunda Division,1.07,1.6,33.63
409,451,Ipswich Town,English League One,0.95,1.46,33.42
410,,Fakel Voronezh,Russian Premier Liga,1.02,1.56,33.33
411,417,DC United,Major League Soccer,1.23,1.83,33.32
412,423,KV Oostende,Belgian Jupiler League,1.04,1.59,33.29
413,429,1. FC Nürnberg,German 2. Bundesliga,1.15,1.73,33.24
414,408,Mirandes,Spanish Segunda Division,1.02,1.56,33.17
415,,Ankaragucu,Turkish Turkcell Super Lig,1.05,1.61,33.05
416,364,Odense BK,Danish SAS-Ligaen,1.06,1.62,33.01
417,394,Perugia,Italy Serie B,0.89,1.4,32.93
418,412,Nagoya Grampus Eight,Japanese J League,0.79,1.27,32.88
419,442,Motherwell,Scottish Premiership,1.06,1.63,32.86
420,432,AGF Aarhus,Danish SAS-Ligaen,0.98,1.53,32.73
421,,Austria Lustenau,Austrian T-Mobile Bundesliga,1.0,1.56,32.69
422,413,Grasshoppers Zürich,Swiss Raiffeisen Super League,1.12,1.72,32.61
423,453,Servette,Swiss Raiffeisen Super League,1.14,1.75,32.59
424,426,Giresunspor,Turkish Turkcell Super Lig,1.0,1.57,32.51
425,409,Ternana,Italy Serie B,1.15,1.78,32.44
426,505,Rotherham United,English League Championship,1.0,1.58,32.34
427,439,FC Tokyo,Japanese J League,1.0,1.58,32.34
428,379,1. FC Heidenheim 1846,German 2. Bundesliga,1.04,1.64,32.23
429,,Torpedo Moskow,Russian Premier Liga,1.03,1.62,32.22
430,477,Barnsley,English League One,1.1,1.72,32.11
431,436,Toronto FC,Major League Soccer,1.18,1.84,32.06
432,445,Spal,Italy Serie B,1.01,1.61,31.9
433,435,Sarmiento,Argentina Primera Division,0.9,1.48,31.65
434,418,Hannover 96,German 2. Bundesliga,1.03,1.66,31.61
435,395,FC Lugano,Swiss Raiffeisen Super League,1.1,1.76,31.6
436,319,Central Córdoba Santiago del Estero,Argentina Primera Division,0.94,1.54,31.55
437,,Gazovik Orenburg,Russian Premier Liga,1.04,1.68,31.54
438,430,Cittadella,Italy Serie B,0.8,1.37,31.22
439,487,Atlético Tucumán,Argentina Primera Division,0.86,1.46,31.1
440,434,FC Sion,Swiss Raiffeisen Super League,1.14,1.84,31.1
441,428,Volos NFC,Greek Super League,0.95,1.58,31.05
442,478,St Mirren,Scottish Premiership,0.86,1.47,31.03
443,438,Avispa Fukuoka,Japanese J League,0.73,1.29,30.95
444,397,Melbourne City,Australian A-League,1.12,1.82,30.77
445,449,UD Ibiza,Spanish Segunda Division,0.96,1.62,30.75
446,476,Le Havre,French Ligue 2,0.9,1.55,30.5
447,,AC Horsens,Danish SAS-Ligaen,0.96,1.63,30.41
448,495,Cashpoint SC Rheindorf Altach,Austrian T-Mobile Bundesliga,0.96,1.63,30.38
449,457,Tampa Bay Rowdies,United Soccer League,1.08,1.8,30.36
450,443,Louisville City FC,United Soccer League,1.02,1.71,30.35
451,416,Milton Keynes Dons,English League One,0.96,1.63,30.35
452,450,Bastia,French Ligue 2,0.85,1.48,30.27
453,464,SV Zulte Waregem,Belgian Jupiler League,1.1,1.84,30.15
454,448,Como,Italy Serie B,1.03,1.74,30.15
455,378,Holstein Kiel,German 2. Bundesliga,1.07,1.8,30.11
456,421,Patronato,Argentina Primera Division,0.93,1.61,29.91
457,444,Shimizu S-Pulse,Japanese J League,1.06,1.8,29.87
458,483,Arsenal Sarandi,Argentina Primera Division,0.83,1.48,29.86
459,470,SD Ponferradina,Spanish Segunda Division,0.98,1.7,29.82
460,389,Karlsruher SC,German 2. Bundesliga,1.12,1.89,29.66
461,462,Maccabi Haifa,UEFA Europa Conference League,0.81,1.46,29.65
462,455,Burgos,Spanish Segunda Division,0.81,1.47,29.47
463,507,Málaga,Spanish Segunda Division,0.86,1.55,29.29
464,,Lyngby,Danish SAS-Ligaen,0.97,1.71,29.25
465,,Istanbulspor,Turkish Turkcell Super Lig,0.91,1.63,29.24
466,458,Aalesund,Norwegian Tippeligaen,0.92,1.65,29.2
467,481,Grenoble,French Ligue 2,0.78,1.46,29.08
468,463,Haugesund,Norwegian Tippeligaen,1.09,1.9,29.02
469,488,San Antonio FC,United Soccer League,0.96,1.71,28.91
470,,Umraniyespor,Turkish Turkcell Super Lig,0.9,1.64,28.81
471,492,Eupen,Belgian Jupiler League,0.97,1.74,28.79
472,,Barracas Central,Argentina Primera Division,0.9,1.65,28.7
473,,Villarreal B,Spanish Segunda Division,0.94,1.7,28.64
474,456,Portsmouth,English League One,0.96,1.74,28.56
475,425,Jahn Regensburg,German 2. Bundesliga,0.99,1.79,28.47
476,446,IFK Goteborg,Swedish Allsvenskan,0.9,1.65,28.46
477,447,Oxford United,English League One,1.07,1.9,28.43
478,459,HJK Helsinki,UEFA Europa Conference League,0.88,1.63,28.37
479,440,IFK Norrkoping,Swedish Allsvenskan,0.97,1.77,28.33
480,490,Wycombe Wanderers,English League One,0.93,1.7,28.32
481,503,Niort,French Ligue 2,0.83,1.57,28.28
482,460,Bolton,English League One,0.96,1.75,28.24
483,520,St Johnstone,Scottish Premiership,0.81,1.54,28.19
484,252,Guangzhou Evergrande,Chinese Super League,1.08,1.93,28.19
485,465,Shonan Bellmare,Japanese J League,0.71,1.4,28.14
486,512,Valenciennes,French Ligue 2,0.84,1.6,27.94
487,493,Pau,French Ligue 2,0.91,1.7,27.92
488,391,Hansa Rostock,German 2. Bundesliga,0.91,1.7,27.89
489,486,Lugo,Spanish Segunda Division,0.82,1.59,27.71
490,472,Gamba Osaka,Japanese J League,0.87,1.66,27.63
491,482,Odd BK,Norwegian Tippeligaen,0.98,1.84,27.47
492,,Bari,Italy Serie B,0.91,1.74,27.41
493,469,Asteras Tripolis,Greek Super League,0.74,1.49,27.27
494,474,Giannina,Greek Super League,0.72,1.49,26.95
495,,Racing Santander,Spanish Segunda Division,0.89,1.74,26.89
496,,Modena,Italy Serie B,0.89,1.75,26.79
497,485,OFI Crete,Greek Super League,0.86,1.71,26.54
498,466,SV Sandhausen,German 2. Bundesliga,0.89,1.76,26.47
499,500,Sandefjord,Norwegian Tippeligaen,1.1,2.07,26.42
500,471,Kalmar FF,Swedish Allsvenskan,0.81,1.65,26.22
501,509,Aldosivi,Argentina Primera Division,0.8,1.66,26.0
502,498,Kyoto Purple Sanga,Japanese J League,0.76,1.61,25.85
503,467,Sydney FC,Australian A-League,1.04,2.02,25.82
504,,FC Andorra,Spanish Segunda Division,0.82,1.71,25.61
505,543,Orlando Pirates,South African ABSA Premier League,0.78,1.65,25.6
506,,Laval,French Ligue 2,0.86,1.77,25.6
507,,Albacete,Spanish Segunda Division,0.85,1.76,25.52
508,494,Mjallby,Swedish Allsvenskan,0.73,1.57,25.48
509,529,Rodez,French Ligue 2,0.71,1.56,25.44
510,,Annecy,French Ligue 2,0.81,1.73,25.09
511,479,Melbourne Victory,Australian A-League,0.92,1.9,24.96
512,533,Kaizer Chiefs,South African ABSA Premier League,0.75,1.64,24.96
513,310,Beijing Guoan,Chinese Super League,0.98,1.99,24.95
514,,Palermo,Italy Serie B,0.84,1.78,24.92
515,,Winterthur,Swiss Raiffeisen Super League,0.79,1.71,24.89
516,,Sudtirol,Italy Serie B,0.8,1.74,24.76
517,501,Hamarkamaratene,Norwegian Tippeligaen,0.79,1.72,24.76
518,536,RFC Seraing,Belgian Jupiler League,0.84,1.8,24.67
519,461,Peterborough United,English League One,0.87,1.85,24.64
520,511,Tromso,Norwegian Tippeligaen,0.9,1.91,24.46
521,527,Reggina,Italy Serie B,0.7,1.61,24.3
522,316,Shanghai SIPG,Chinese Super League,0.9,1.92,24.26
523,526,Pittsburgh Riverhounds,United Soccer League,0.86,1.87,24.07
524,506,Atromitos,Greek Super League,0.7,1.62,23.89
525,532,San Diego Loyal SC,United Soccer League,1.02,2.15,23.54
526,517,IK Sirius,Swedish Allsvenskan,0.9,1.98,23.52
527,537,Cosenza,Italy Serie B,0.75,1.74,23.5
528,594,Salford City,English League Two,0.83,1.87,23.5
529,508,Jubilo Iwata,Japanese J League,0.77,1.8,23.14
530,513,Panetolikos,Greek Super League,0.65,1.61,23.03
531,558,US Quevilly,French Ligue 2,0.7,1.7,22.96
532,521,Consadole Sapporo,Japanese J League,0.8,1.87,22.75
533,544,Lincoln City,English League One,0.78,1.89,21.91
534,553,Charlton Athletic,English League One,0.72,1.83,21.57
535,560,Oakland Roots,United Soccer League,0.9,2.11,21.54
536,530,Plymouth Argyle,English League One,0.68,1.76,21.49
537,515,Western Sydney FC,Australian A-League,0.91,2.15,21.37
538,549,SuperSport United,South African ABSA Premier League,0.7,1.81,21.35
539,516,Western United,Australian A-League,0.84,2.03,21.29
540,534,New Mexico United,United Soccer League,0.73,1.86,21.26
541,562,Shrewsbury Town,English League One,0.67,1.76,21.13
542,519,Adelaide United,Australian A-League,0.83,2.03,21.1
543,546,Alashkert FC,UEFA Europa Conference League,0.58,1.62,21.06
544,524,Central Coast Mariners,Australian A-League,0.93,2.23,20.68
545,525,Newcastle Jets,Australian A-League,0.86,2.13,20.59
546,,1. FC Kaiserslautern,German 2. Bundesliga,0.71,1.88,20.56
547,,1. FC Magdeburg,German 2. Bundesliga,0.71,1.89,20.46
548,,Eintracht Braunschweig,German 2. Bundesliga,0.7,1.89,20.27
549,535,Colorado Springs Switchbacks FC,United Soccer League,0.82,2.09,20.07
550,556,Black Aces,South African ABSA Premier League,0.6,1.71,20.05
551,551,Kristiansund BK,Norwegian Tippeligaen,0.84,2.14,19.91
552,550,Memphis 901 FC,United Soccer League,0.73,1.98,19.55
553,555,Birmingham Legion FC,United Soccer League,0.7,1.93,19.5
554,542,El Paso Locomotive FC,United Soccer League,0.74,2.02,19.17
555,559,Arizona United,United Soccer League,0.9,2.31,18.92
556,619,Colchester United,English League Two,0.7,2.02,18.51
557,437,Shandong Luneng,Chinese Super League,0.82,2.22,18.5
558,563,Sacramento Republic FC,United Soccer League,0.63,1.88,18.49
559,431,Jiangsu Suning FC,Chinese Super League,0.71,2.04,18.37
560,591,Fleetwood Town,English League One,0.75,2.11,18.35
561,577,Cheltenham Town,English League One,0.8,2.2,18.34
562,607,Forest Green Rovers,English League One,0.67,1.99,18.08
563,575,Rio Grande Valley FC Toros,United Soccer League,0.6,1.9,17.67
564,584,Burton Albion,English League One,0.64,1.99,17.38
565,564,Lamia,Greek Super League,0.38,1.52,17.36
566,574,Swindon Town,English League Two,0.69,2.1,17.14
567,588,Mansfield Town,English League Two,0.66,2.07,17.04
568,552,Brisbane Roar,Australian A-League,0.66,2.08,16.91
569,565,Varbergs BoIS FC,Swedish Allsvenskan,0.56,1.92,16.63
570,566,Stellenbosch FC,South African ABSA Premier League,0.47,1.75,16.58
571,578,Miami FC,United Soccer League,0.58,1.97,16.53
572,620,Doncaster Rovers,English League Two,0.64,2.08,16.48
573,592,Lincoln Red Imps,UEFA Europa Conference League,0.66,2.12,16.3
574,561,Macarthur FC,Australian A-League,0.78,2.35,16.27
575,582,Accrington Stanley,English League One,0.7,2.23,16.04
576,589,Port Vale,English League One,0.6,2.04,15.99
577,554,Bristol Rovers,English League One,0.59,2.04,15.93
578,593,Cambridge United,English League One,0.58,2.07,15.42
579,599,Exeter City,English League One,0.56,2.06,15.09
580,581,FK Jerv,Norwegian Tippeligaen,0.55,2.04,15.02
581,597,AmaZulu,South African ABSA Premier League,0.39,1.74,14.86
582,585,Orange County SC,United Soccer League,0.54,2.07,14.48
583,595,LA Galaxy II,United Soccer League,0.69,2.36,14.45
584,583,Golden Arrows,South African ABSA Premier League,0.49,1.98,14.44
585,600,Northampton Town,English League Two,0.48,1.98,14.19
586,625,Gillingham,English League Two,0.55,2.13,14.16
587,576,IFK Värnamo,Swedish Allsvenskan,0.49,2.01,14.08
588,612,Morecambe,English League One,0.61,2.26,13.96
589,596,Detroit City FC,United Soccer League,0.48,2.01,13.78
590,586,Helsingborgs IF,Swedish Allsvenskan,0.48,2.04,13.46
591,580,Wellington Phoenix,Australian A-League,0.67,2.44,13.27
592,587,GIF Sundsvall,Swedish Allsvenskan,0.62,2.4,12.67
593,590,Degerfors IF,Swedish Allsvenskan,0.51,2.21,12.42
594,604,Leyton Orient,English League Two,0.44,2.07,12.41
595,615,Sekhukhune United,South African ABSA Premier League,0.33,1.83,12.39
596,598,Apollon Smyrni,Greek Super League,0.36,1.9,12.37
597,606,Tranmere Rovers,English League Two,0.42,2.03,12.37
598,,Royal AM,South African ABSA Premier League,0.45,2.12,12.26
599,601,Hartford Athletic,United Soccer League,0.51,2.25,12.21
600,609,Maritzburg Utd,South African ABSA Premier League,0.34,1.89,11.99
601,523,Tianjin Teda,Chinese Super League,0.5,2.26,11.8
602,608,Tshakhuma Tsha Madzivhandila,South African ABSA Premier League,0.3,1.85,11.47
603,611,Moroka Swallows,South African ABSA Premier League,0.37,2.03,11.39
604,624,Rochdale,English League Two,0.42,2.15,11.31
605,613,Tulsa Roughnecks,United Soccer League,0.52,2.38,11.21
606,531,Shanghai Greenland,Chinese Super League,0.56,2.47,11.13
607,610,Monterey Bay,United Soccer League,0.44,2.23,11.02
608,602,Sutton United,English League Two,0.43,2.21,10.98
609,618,TS Galaxy,South African ABSA Premier League,0.3,1.91,10.94
610,614,Newport County,English League Two,0.41,2.21,10.6
611,621,AFC Wimbledon,English League Two,0.41,2.21,10.58
612,541,Hebei China Fortune FC,Chinese Super League,0.5,2.43,10.52
613,617,Chippa United,South African ABSA Premier League,0.26,1.87,10.46
614,622,Bradford City,English League Two,0.37,2.14,10.42
615,539,Henan Jianye,Chinese Super League,0.46,2.36,10.34
616,630,Crewe Alexandra,English League Two,0.39,2.22,10.2
617,616,Indy Eleven,United Soccer League,0.38,2.22,10.01
618,547,Dalian Aerbin,Chinese Super League,0.51,2.51,9.96
619,623,Charleston Battery,United Soccer League,0.47,2.44,9.91
620,,Richards Bay,South African ABSA Premier League,0.36,2.17,9.88
621,557,Guangzhou RF,Chinese Super League,0.66,2.86,9.74
622,605,Perth Glory,Australian A-League,0.43,2.38,9.64
623,548,Wuhan Zall,Chinese Super League,0.39,2.32,9.4
624,,Stockport County,English League Two,0.38,2.29,9.37
625,627,Crawley Town,English League Two,0.36,2.34,8.77
626,636,Stevenage,English League Two,0.33,2.29,8.61
627,626,Las Vegas Lights FC,United Soccer League,0.32,2.31,8.29
628,570,Tianjin Quanujian,Chinese Super League,0.37,2.51,7.83
629,631,Harrogate Town,English League Two,0.37,2.5,7.83
630,573,Shenzhen FC,Chinese Super League,0.4,2.6,7.73
631,,Grimsby Town,English League Two,0.3,2.34,7.71
632,568,Chongqing Lifan,Chinese Super League,0.3,2.35,7.66
633,629,Atlanta United 2,United Soccer League,0.54,2.95,7.54
634,634,Loudoun United FC,United Soccer League,0.37,2.61,7.15
635,633,Barrow,English League Two,0.22,2.25,6.96
636,632,Walsall,English League Two,0.2,2.26,6.57
637,635,Carlisle United,English League Two,0.2,2.32,6.24
638,637,Hartlepool,English League Two,0.2,2.36,6.0
639,639,New York Red Bulls II,United Soccer League,0.2,2.55,5.12
640,603,Guizhou Renhe,Chinese Super League,0.2,2.61,4.86
